yearweek,tavg,tmin,tmax,prcp,snow,wspd,rain_days_count,region
201101,1.5142857142857142,-5.6,13.3,4.3,66.0,15.171428571428573,2,Boston
201102,-2.357142857142857,-7.8,1.7,43.0,157.0,23.142857142857142,3,Boston
201103,-2.5,-10.0,4.4,47.400000000000006,265.0,16.928571428571427,3,Boston
201104,-6.071428571428571,-18.9,1.7,21.400000000000002,379.0,15.471428571428572,3,Boston
201105,-3.642857142857143,-8.9,2.8,33.2,470.0,14.771428571428572,2,Boston
201106,-1.3714285714285717,-10.6,5.6,14.3,439.0,18.014285714285712,3,Boston
201107,2.2285714285714286,-7.2,15.6,1.3,363.0,20.32857142857143,1,Boston
201108,-1.2714285714285711,-10.6,9.4,43.4,235.0,21.942857142857143,2,Boston
201109,-0.742857142857143,-11.1,8.9,24.4,206.0,18.17142857142857,3,Boston
201110,5.2,-3.9,16.1,25.9,28.0,22.8,4,Boston
201111,6.6000000000000005,-1.7,21.1,13.7,0.0,17.54285714285714,1,Boston
201112,2.8428571428571425,-1.1,8.9,4.3999999999999995,5.0,16.7,2,Boston
201113,2.9857142857142853,-3.3,12.8,20.3,13.0,21.642857142857142,2,Boston
201114,7.1571428571428575,1.1,17.8,11.5,5.0,19.542857142857144,2,Boston
201115,10.114285714285714,1.7,22.2,37.599999999999994,0.0,18.714285714285715,5,Boston
201116,8.6,2.2,17.2,30.0,0.0,21.7,3,Boston
201117,13.928571428571429,3.9,25.6,12.1,0.0,16.4,4,Boston
201118,13.328571428571427,6.7,22.2,9.700000000000001,0.0,17.900000000000002,2,Boston
201119,12.814285714285715,7.8,21.1,9.4,0.0,19.385714285714283,2,Boston
201120,11.042857142857143,7.2,18.3,56.1,0.0,15.671428571428569,7,Boston
201121,17.2,8.9,30.6,7.1,0.0,15.485714285714286,2,Boston
201122,20.785714285714285,12.8,30.6,14.2,0.0,18.771428571428572,1,Boston
201123,19.25714285714286,9.4,33.3,13.0,0.0,13.12857142857143,1,Boston
201124,17.085714285714285,11.7,31.7,29.7,0.0,16.257142857142856,5,Boston
201125,19.942857142857143,13.3,28.3,52.6,0.0,15.257142857142856,4,Boston
201126,21.37142857142857,12.2,29.4,11.5,0.0,13.771428571428572,2,Boston
201127,24.442857142857143,18.9,33.3,8.200000000000001,0.0,12.814285714285715,2,Boston
201128,24.74285714285714,17.2,35.0,32.7,0.0,16.228571428571428,3,Boston
201129,27.642857142857142,18.3,39.4,0.0,0.0,18.52857142857143,0,Boston
201130,23.428571428571427,17.2,33.3,11.0,0.0,12.928571428571429,5,Boston
201131,24.24285714285714,18.3,33.9,15.2,0.0,14.1,1,Boston
201132,23.057142857142857,17.8,31.1,83.5,0.0,13.942857142857141,4,Boston
201133,22.642857142857142,16.7,31.1,37.9,0.0,14.285714285714286,4,Boston
201134,23.857142857142858,17.2,30.6,17.3,0.0,17.8,3,Boston
201135,20.657142857142855,15.6,27.2,42.7,0.0,15.857142857142858,2,Boston
201136,20.24285714285714,14.4,30.6,54.6,0.0,16.4,3,Boston
201137,20.214285714285715,10.0,30.0,2.8,0.0,15.5,2,Boston
201138,16.95714285714286,8.9,23.9,16.5,0.0,12.142857142857142,3,Boston
201139,20.542857142857144,14.4,26.7,37.8,0.0,12.071428571428571,3,Boston
201140,15.471428571428572,7.8,21.7,38.8,0.0,15.728571428571428,3,Boston
201141,18.928571428571427,12.8,30.6,40.3,0.0,16.3,3,Boston
201142,15.342857142857142,11.7,20.6,41.6,0.0,22.37142857142857,2,Boston
201143,10.214285714285714,1.1,17.2,26.7,8.0,14.828571428571427,3,Boston
201144,7.671428571428572,1.1,17.2,24.400000000000002,25.0,17.885714285714286,2,Boston
201145,10.77142857142857,2.2,20.6,26.7,0.0,13.471428571428572,1,Boston
201146,10.9,2.2,20.0,23.1,0.0,18.257142857142856,2,Boston
201147,7.414285714285714,-0.6,18.9,37.9,0.0,19.400000000000002,2,Boston
201148,10.557142857142859,1.7,19.4,19.3,0.0,14.814285714285715,2,Boston
201149,8.028571428571428,1.1,17.2,65.5,0.0,15.799999999999999,3,Boston
201150,4.871428571428572,-2.2,12.2,1.8,0.0,16.5,2,Boston
201151,3.857142857142857,-7.8,14.4,27.4,0.0,17.385714285714286,3,Boston
201152,1.5999999999999999,-7.2,13.9,5.8999999999999995,0.0,19.966666666666665,3,Boston
201200,1.7,-2.8,6.7,0.0,0.0,6.5,0,Boston
201201,0.9285714285714285,-12.2,11.1,0.8999999999999999,0.0,16.942857142857143,3,Boston
201202,3.4,-3.9,15.6,25.2,2.0,18.185714285714287,3,Boston
201203,-2.5,-14.4,11.1,5.4,10.0,21.728571428571428,4,Boston
201204,1.842857142857143,-9.4,13.3,36.9,25.0,14.985714285714284,5,Boston
201205,3.4142857142857146,-3.9,15.0,0.0,0.0,17.714285714285715,0,Boston
201206,2.414285714285714,-5.6,10.0,0.0,0.0,16.25714285714286,0,Boston
201207,1.7714285714285711,-8.9,11.7,3.1,0.0,15.228571428571428,3,Boston
201208,4.257142857142857,-2.2,13.9,15.0,0.0,16.45714285714286,2,Boston
201209,2.142857142857143,-5.0,11.1,22.1,21.0,23.32857142857143,2,Boston
201210,5.271428571428571,-6.7,20.0,9.7,27.0,21.814285714285713,1,Boston
201211,7.142857142857143,-1.1,21.7,3.6,0.0,15.37142857142857,2,Boston
201212,14.985714285714286,4.4,28.3,0.0,0.0,13.328571428571427,0,Boston
201213,6.328571428571428,-2.8,15.0,2.1,0.0,17.757142857142856,3,Boston
201214,7.285714285714286,1.1,17.8,6.8999999999999995,0.0,17.142857142857142,3,Boston
201215,9.357142857142858,3.3,18.3,8.1,0.0,16.357142857142858,1,Boston
201216,16.857142857142858,8.3,30.6,0.0,0.0,17.32857142857143,0,Boston
201217,12.142857142857142,4.4,25.6,64.30000000000001,0.0,22.88571428571429,3,Boston
201218,9.214285714285714,2.8,15.6,16.5,0.0,16.52857142857143,3,Boston
201219,12.557142857142859,7.8,19.4,34.6,0.0,14.314285714285715,4,Boston
201220,16.742857142857144,9.4,26.7,16.5,0.0,13.314285714285715,3,Boston
201221,16.357142857142858,10.6,23.3,15.2,0.0,11.671428571428573,2,Boston
201222,19.75714285714286,14.4,30.0,4.3,0.0,14.157142857142857,1,Boston
201223,13.87142857142857,10.0,26.1,44.5,0.0,17.814285714285713,6,Boston
201224,18.7,13.9,26.1,18.1,0.0,15.27142857142857,2,Boston
201225,21.842857142857145,11.1,36.1,0.5,0.0,15.485714285714286,1,Boston
201226,21.642857142857142,16.1,31.7,56.6,0.0,16.657142857142855,4,Boston
201227,25.02857142857143,20.0,32.8,3.6,0.0,14.714285714285714,1,Boston
201228,24.714285714285715,18.3,32.2,0.0,0.0,14.714285714285714,0,Boston
201229,25.514285714285712,17.8,36.1,45.7,0.0,14.657142857142857,2,Boston
201230,22.485714285714288,16.1,32.8,15.0,0.0,14.342857142857143,3,Boston
201231,22.071428571428573,17.2,33.3,54.6,0.0,14.0,3,Boston
201232,24.614285714285717,18.9,31.1,31.7,0.0,14.971428571428572,2,Boston
201233,24.62857142857143,18.9,30.0,21.400000000000002,0.0,13.357142857142858,2,Boston
201234,21.814285714285713,16.1,30.6,1.0,0.0,11.214285714285714,1,Boston
201235,22.7,15.6,32.2,3.8,0.0,15.728571428571428,1,Boston
201236,20.97142857142857,15.0,27.8,38.9,0.0,12.085714285714285,3,Boston
201237,19.442857142857143,11.7,27.8,18.0,0.0,15.657142857142857,1,Boston
201238,17.1,10.6,23.9,20.8,0.0,16.2,3,Boston
201239,16.485714285714288,9.4,23.3,20.6,0.0,16.442857142857143,2,Boston
201240,15.542857142857143,10.0,24.4,9.4,0.0,11.985714285714286,5,Boston
201241,12.685714285714285,4.4,25.6,8.7,0.0,17.185714285714287,4,Boston
201242,12.414285714285715,1.7,23.3,8.3,0.0,16.557142857142857,4,Boston
201243,13.828571428571427,6.7,23.3,4.1,0.0,12.6,1,Boston
201244,11.942857142857141,7.2,17.2,42.6,0.0,21.614285714285717,5,Boston
201245,4.928571428571429,-0.6,11.7,13.7,12.0,23.085714285714285,2,Boston
201246,7.685714285714286,1.1,18.9,7.4,0.0,15.071428571428571,1,Boston
201247,5.271428571428571,0.6,10.0,0.0,0.0,12.028571428571428,0,Boston
201248,2.4857142857142853,-1.1,8.9,3.8,5.0,18.52857142857143,1,Boston
201249,5.3,-2.2,15.0,1.9000000000000001,0.0,13.571428571428571,3,Boston
201250,5.557142857142857,-1.7,15.6,24.799999999999997,0.0,12.757142857142856,3,Boston
201251,4.642857142857143,0.6,11.1,56.9,0.0,21.271428571428572,4,Boston
201252,1.1142857142857143,-5.0,8.3,48.5,0.0,22.485714285714288,3,Boston
201253,-0.1,-1.7,2.8,17.5,0.0,15.1,1,Boston
201300,-3.3333333333333335,-13.9,3.3,1.0,62.0,22.566666666666666,1,Boston
201301,2.8285714285714287,-2.8,8.3,3.0,38.0,15.228571428571428,1,Boston
201302,3.6142857142857143,-7.2,16.1,9.700000000000001,15.0,13.628571428571428,2,Boston
201303,-4.371428571428572,-15.6,12.2,0.6,8.0,24.342857142857145,2,Boston
201304,-0.15714285714285703,-10.6,15.6,14.3,13.0,21.7,5,Boston
201305,-2.9,-7.8,4.4,24.5,6.0,20.485714285714288,4,Boston
201306,0.14285714285714274,-9.4,8.3,30.5,264.0,17.942857142857143,2,Boston
201307,-1.0142857142857142,-8.9,7.2,17.099999999999998,152.0,23.814285714285713,4,Boston
201308,2.2,-2.2,6.7,61.7,92.0,15.771428571428572,4,Boston
201309,2.0571428571428574,-2.2,6.1,36.9,53.0,25.414285714285715,3,Boston
201310,3.371428571428571,-6.1,11.7,7.4,142.0,19.485714285714288,1,Boston
201311,0.18571428571428572,-6.1,4.4,37.8,51.0,19.38571428571429,3,Boston
201312,5.214285714285714,-1.1,13.3,1.6,20.0,18.442857142857143,2,Boston
201313,6.214285714285714,-0.5,16.7,3.8,0.0,21.814285714285713,2,Boston
201314,7.7,0.0,22.8,16.2,0.0,18.04285714285714,4,Boston
201315,10.242857142857142,2.2,23.9,1.8,0.0,19.8,2,Boston
201316,9.414285714285715,2.2,20.6,13.799999999999999,0.0,21.142857142857142,3,Boston
201317,11.6,5.6,21.1,0.0,0.0,13.685714285714285,0,Boston
201318,12.028571428571428,4.4,22.2,26.4,0.0,13.114285714285714,3,Boston
201319,15.285714285714286,6.7,27.8,1.5,0.0,18.814285714285713,2,Boston
201320,15.528571428571427,10.0,27.8,22.7,0.0,14.414285714285715,6,Boston
201321,16.842857142857145,5.0,34.4,31.2,0.0,17.17142857142857,3,Boston
201322,20.442857142857143,12.8,33.3,96.5,0.0,18.657142857142855,3,Boston
201323,17.142857142857142,11.7,26.7,117.2,0.0,16.085714285714285,6,Boston
201324,20.17142857142857,14.4,30.6,26.9,0.0,15.328571428571427,2,Boston
201325,23.785714285714285,16.1,35.0,21.6,0.0,17.54285714285714,4,Boston
201326,25.12857142857143,16.1,35.0,5.3999999999999995,0.0,17.7,3,Boston
201327,24.642857142857142,18.3,33.9,4.8999999999999995,0.0,14.87142857142857,3,Boston
201328,26.557142857142857,18.9,37.2,0.3,0.0,13.471428571428573,1,Boston
201329,23.157142857142855,15.6,35.6,77.3,0.0,15.071428571428571,4,Boston
201330,22.442857142857143,16.7,29.4,12.0,0.0,12.957142857142857,3,Boston
201331,21.714285714285715,15.0,27.8,42.9,0.0,16.414285714285715,2,Boston
201332,22.17142857142857,15.6,29.4,0.0,0.0,14.757142857142856,0,Boston
201333,23.414285714285715,17.2,31.7,0.0,0.0,13.485714285714286,0,Boston
201334,20.414285714285715,15.6,28.9,0.6,0.0,13.385714285714286,2,Boston
201335,21.642857142857142,11.1,27.8,21.7,0.0,14.271428571428572,3,Boston
201336,21.114285714285717,11.1,36.1,25.200000000000003,0.0,16.714285714285715,3,Boston
201337,16.342857142857145,6.7,23.9,0.0,0.0,12.742857142857144,0,Boston
201338,15.700000000000001,8.3,25.0,9.4,0.0,16.45714285714286,1,Boston
201339,17.12857142857143,10.6,27.8,0.8,0.0,9.685714285714285,1,Boston
201340,15.385714285714284,8.9,25.6,10.7,0.0,14.285714285714286,2,Boston
201341,14.285714285714286,6.7,22.8,1.3,0.0,13.542857142857143,2,Boston
201342,12.042857142857143,3.9,21.7,0.0,0.0,15.799999999999999,0,Boston
201343,9.757142857142856,1.7,22.2,3.7,0.0,17.942857142857143,4,Boston
201344,8.557142857142857,-0.5,20.0,6.3999999999999995,0.0,16.0,2,Boston
201345,5.385714285714286,-3.2,16.7,2.8,0.0,19.02857142857143,2,Boston
201346,7.3428571428571425,-1.6,19.4,11.2,0.0,13.885714285714286,3,Boston
201347,2.042857142857143,-7.7,16.7,48.0,0.0,24.014285714285712,2,Boston
201348,4.271428571428571,-6.6,13.9,14.8,0.0,11.114285714285714,3,Boston
201349,-0.7857142857142858,-8.8,6.1,15.000000000000002,11.0,18.04285714285714,3,Boston
201350,-2.6000000000000005,-12.7,10.6,35.400000000000006,133.0,20.314285714285713,3,Boston
201351,1.4714285714285713,-9.3,12.2,18.900000000000002,10.0,14.657142857142857,3,Boston
201352,2.5999999999999996,-2.7,8.9,33.5,0.0,15.1,1,Boston
201400,-5.54,-16.6,6.7,14.5,39.0,21.46,2,Boston
201401,-4.685714285714285,-16.6,13.3,9.6,56.0,18.414285714285715,3,Boston
201402,5.828571428571428,-0.5,15.0,33.8,0.0,14.757142857142856,2,Boston
201403,-5.1000000000000005,-14.3,5.0,23.700000000000003,94.0,20.985714285714288,3,Boston
201404,-4.457142857142857,-10.5,8.3,0.8,55.0,20.3,2,Boston
201405,-0.21428571428571416,-7.1,12.8,33.0,80.0,13.685714285714287,3,Boston
201406,-3.8285714285714287,-13.2,2.8,42.99999999999999,179.0,19.62857142857143,3,Boston
201407,-1.0285714285714287,-9.9,8.9,28.5,276.0,17.9,6,Boston
201408,-1.1714285714285713,-12.1,11.1,0.5,124.0,18.97142857142857,1,Boston
201409,-3.9714285714285715,-11.6,4.4,0.0,126.0,12.985714285714286,0,Boston
201410,1.885714285714286,-8.8,15.6,13.200000000000001,97.0,16.557142857142857,3,Boston
201411,1.442857142857143,-8.8,13.9,7.7,8.0,19.900000000000002,2,Boston
201412,1.2285714285714284,-8.2,15.6,0.5,0.0,24.014285714285712,1,Boston
201413,5.1571428571428575,1.1,12.2,99.0,0.0,18.157142857142855,4,Boston
201414,9.328571428571427,1.1,20.6,23.8,0.0,18.442857142857143,3,Boston
201415,10.042857142857143,-0.5,23.9,26.799999999999997,3.0,22.771428571428572,4,Boston
201416,10.257142857142858,2.2,22.8,7.1,0.0,20.37142857142857,2,Boston
201417,8.357142857142858,5.0,20.6,33.8,0.0,16.62857142857143,5,Boston
201418,13.314285714285715,8.3,20.6,0.0,0.0,15.785714285714286,0,Boston
201419,17.185714285714287,7.8,29.4,10.1,0.0,17.62857142857143,2,Boston
201420,14.799999999999999,10.6,23.9,24.7,0.0,15.62857142857143,4,Boston
201421,13.671428571428573,6.1,26.1,21.9,0.0,15.9,5,Boston
201422,16.257142857142856,10.6,28.3,23.400000000000002,0.0,14.142857142857142,2,Boston
201423,19.38571428571429,14.4,27.2,35.3,0.0,15.271428571428572,2,Boston
201424,21.88571428571429,14.4,30.6,0.8,0.0,17.885714285714286,2,Boston
201425,20.385714285714283,13.9,31.7,7.1,0.0,15.642857142857142,1,Boston
201426,24.52857142857143,15.0,33.3,54.9,0.0,17.485714285714288,2,Boston
201427,24.085714285714285,15.0,33.3,10.9,0.0,20.728571428571428,2,Boston
201428,23.12857142857143,16.7,30.0,38.6,0.0,15.62857142857143,2,Boston
201429,21.5,16.1,33.3,0.0,0.0,12.87142857142857,0,Boston
201430,22.24285714285714,16.7,29.4,11.7,0.0,15.271428571428572,2,Boston
201431,21.614285714285717,16.1,29.4,1.4,0.0,11.942857142857141,3,Boston
201432,21.442857142857143,15.6,28.9,26.9,0.0,15.37142857142857,1,Boston
201433,20.014285714285712,15.0,27.2,2.0,0.0,13.585714285714285,1,Boston
201434,21.985714285714288,15.0,32.8,0.5,0.0,15.542857142857143,1,Boston
201435,24.099999999999998,14.4,33.9,14.0,0.0,16.614285714285714,2,Boston
201436,20.157142857142855,13.3,33.3,9.399999999999999,0.0,16.442857142857143,2,Boston
201437,15.057142857142855,7.8,23.9,3.3,0.0,12.914285714285715,1,Boston
201438,16.728571428571428,8.3,27.8,0.3,0.0,14.414285714285713,1,Boston
201439,16.271428571428572,8.9,30.6,38.5,0.0,15.357142857142858,4,Boston
201440,14.928571428571429,6.1,22.8,9.5,0.0,17.37142857142857,3,Boston
201441,15.6,6.7,27.2,23.9,0.0,14.571428571428571,2,Boston
201442,11.62857142857143,3.9,21.7,80.60000000000001,0.0,24.02857142857143,3,Boston
201443,12.114285714285714,7.2,23.3,0.5,0.0,14.6,1,Boston
201444,8.614285714285714,1.1,18.9,37.9,0.0,20.014285714285712,3,Boston
201445,7.871428571428572,0.6,17.2,7.3,10.0,12.028571428571428,2,Boston
201446,2.0142857142857142,-4.3,8.9,41.7,0.0,18.885714285714283,1,Boston
201447,6.328571428571428,-4.3,18.3,47.0,10.0,20.114285714285717,4,Boston
201448,4.4,-4.9,17.8,16.8,6.0,18.914285714285715,4,Boston
201449,2.1142857142857143,-7.7,9.4,113.1,0.0,21.24285714285714,6,Boston
201450,3.457142857142857,-1.6,9.4,11.200000000000001,0.0,15.471428571428572,2,Boston
201451,4.6000000000000005,-2.7,15.0,25.5,10.0,16.142857142857142,4,Boston
201452,6.3,-1.0,11.1,0.3,0.0,16.8,1,Boston
201500,-2.175,-6.6,5.0,0.0,0.0,18.6,0,Boston
201501,-4.014285714285714,-18.2,11.1,31.0,3.0,21.528571428571432,4,Boston
201502,-3.6714285714285713,-9.9,3.3,8.1,6.0,17.27142857142857,2,Boston
201503,-0.8428571428571431,-12.7,10.6,3.8,0.0,16.871428571428574,1,Boston
201504,-4.057142857142857,-12.1,3.3,46.4,213.0,21.12857142857143,5,Boston
201505,-6.971428571428571,-14.9,3.3,23.700000000000003,367.0,23.114285714285717,4,Boston
201506,-6.371428571428572,-13.8,-1.0,36.0,576.0,19.014285714285712,6,Boston
201507,-8.757142857142856,-19.3,-1.0,18.0,737.0,22.071428571428573,5,Boston
201508,-5.871428571428572,-16.6,3.9,9.4,688.0,15.742857142857144,4,Boston
201509,-2.8857142857142857,-12.7,6.1,11.7,645.0,16.757142857142856,4,Boston
201510,1.9000000000000001,-8.2,13.9,1.8,519.0,17.285714285714285,2,Boston
201511,-0.1285714285714285,-7.1,10.6,32.1,328.0,19.74285714285714,4,Boston
201512,0.8714285714285712,-7.7,13.3,28.900000000000002,254.0,16.12857142857143,4,Boston
201513,4.628571428571428,-3.2,16.1,3.8,158.0,18.87142857142857,2,Boston
201514,4.285714285714286,0.0,12.8,21.9,0.0,20.571428571428573,5,Boston
201515,12.514285714285714,3.9,20.6,1.8,0.0,19.32857142857143,2,Boston
201516,9.571428571428571,2.8,19.4,29.2,0.0,20.62857142857143,2,Boston
201517,9.200000000000001,2.2,17.8,4.3,0.0,15.671428571428569,2,Boston
201518,14.900000000000002,3.9,28.9,0.5,0.0,16.04285714285714,1,Boston
201519,16.2,7.8,31.7,0.5,0.0,16.085714285714285,1,Boston
201520,14.857142857142858,7.2,24.4,6.9,0.0,16.614285714285714,1,Boston
201521,20.242857142857144,6.7,30.6,0.0,0.0,21.442857142857143,0,Boston
201522,13.028571428571428,7.8,31.1,51.6,0.0,17.02857142857143,3,Boston
201523,19.485714285714288,11.1,31.1,2.3,0.0,18.614285714285717,1,Boston
201524,18.67142857142857,12.2,30.0,10.2,0.0,14.214285714285714,1,Boston
201525,20.785714285714285,14.4,31.1,45.0,0.0,13.642857142857142,3,Boston
201526,18.82857142857143,11.1,27.8,55.099999999999994,0.0,15.6,3,Boston
201527,21.942857142857143,15.6,31.1,32.699999999999996,0.0,13.114285714285714,3,Boston
201528,22.47142857142857,15.0,31.7,0.8,0.0,13.742857142857144,1,Boston
201529,24.357142857142858,17.8,33.3,3.9,0.0,14.642857142857142,2,Boston
201530,24.042857142857144,16.7,33.3,2.0,0.0,15.171428571428573,2,Boston
201531,24.32857142857143,17.8,32.2,12.4,0.0,16.45714285714286,1,Boston
201532,21.485714285714288,16.1,30.0,21.1,0.0,14.057142857142859,1,Boston
201533,24.5,19.4,32.8,21.6,0.0,12.757142857142856,3,Boston
201534,22.042857142857144,17.8,29.4,0.5,0.0,12.657142857142857,1,Boston
201535,24.085714285714285,16.7,32.8,0.3,0.0,14.357142857142858,1,Boston
201536,22.900000000000002,14.4,35.6,26.2,0.0,15.985714285714286,3,Boston
201537,20.985714285714288,13.9,31.7,10.0,0.0,14.714285714285714,2,Boston
201538,18.057142857142857,11.7,26.1,0.0,0.0,14.757142857142856,0,Boston
201539,16.5,8.9,28.9,65.5,0.0,19.099999999999998,3,Boston
201540,13.414285714285715,8.9,22.2,8.9,0.0,19.75714285714286,2,Boston
201541,14.628571428571428,8.3,24.4,3.0,0.0,16.54285714285714,1,Boston
201542,10.385714285714286,-0.5,22.8,1.8,0.0,17.542857142857144,1,Boston
201543,11.057142857142859,3.3,23.9,28.4,0.0,18.128571428571426,3,Boston
201544,13.728571428571428,3.3,24.4,0.0,0.0,15.071428571428571,0,Boston
201545,11.057142857142859,5.0,20.6,16.8,0.0,18.97142857142857,4,Boston
201546,7.885714285714286,-0.5,16.1,21.8,0.0,16.357142857142858,1,Boston
201547,6.014285714285714,-1.6,17.8,8.6,0.0,15.214285714285714,2,Boston
201548,5.7,-2.1,15.6,17.0,0.0,14.4,3,Boston
201549,7.128571428571428,2.2,15.0,0.0,0.0,12.185714285714285,0,Boston
201550,9.457142857142857,3.3,16.1,30.5,0.0,13.671428571428573,4,Boston
201551,8.557142857142857,-0.5,20.6,31.200000000000003,0.0,16.514285714285712,3,Boston
201552,5.05,-4.3,12.8,32.5,3.0,17.925,2,Boston
201600,1.3333333333333333,-3.8,8.3,2.8,3.0,14.866666666666667,2,Boston
201601,-0.7571428571428571,-13.2,7.2,0.0,0.0,17.214285714285715,0,Boston
201602,1.0857142857142856,-6.0,14.4,37.4,11.0,19.900000000000002,3,Boston
201603,-2.2285714285714286,-8.8,6.1,36.3,49.0,23.342857142857145,3,Boston
201604,0.7571428571428571,-7.7,10.6,9.4,64.0,18.514285714285712,1,Boston
201605,6.457142857142856,-3.8,18.3,33.1,5.0,19.5,3,Boston
201606,-3.1285714285714286,-13.2,6.7,13.8,178.0,19.071428571428573,2,Boston
201607,-4.057142857142857,-22.7,12.2,23.400000000000002,75.0,19.74285714285714,2,Boston
201608,5.7,-3.2,16.7,35.900000000000006,0.0,22.82857142857143,3,Boston
201609,2.9857142857142853,-6.0,17.8,9.700000000000001,0.0,22.071428571428573,2,Boston
201610,6.628571428571428,-4.9,25.0,12.5,0.0,15.457142857142857,2,Boston
201611,8.0,1.7,17.8,37.7,0.0,20.114285714285717,5,Boston
201612,3.685714285714286,-3.2,17.2,10.2,8.0,18.714285714285715,3,Boston
201613,8.042857142857143,1.1,21.7,11.700000000000001,0.0,23.542857142857144,2,Boston
201614,4.371428571428572,-5.5,15.0,57.1,50.0,20.728571428571428,4,Boston
201615,7.085714285714286,-0.5,15.6,5.8999999999999995,0.0,19.914285714285715,2,Boston
201616,10.857142857142858,3.9,25.6,0.5,0.0,15.585714285714285,1,Boston
201617,9.385714285714286,2.8,17.8,9.2,0.0,15.728571428571428,2,Boston
201618,8.357142857142858,5.0,12.8,33.2,0.0,16.52857142857143,6,Boston
201619,13.528571428571428,7.8,23.3,3.3,0.0,16.114285714285717,2,Boston
201620,14.214285714285714,5.6,25.0,0.0,0.0,20.057142857142857,0,Boston
201621,16.714285714285715,10.6,31.1,6.6,0.0,12.414285714285715,1,Boston
201622,18.842857142857145,11.1,33.3,28.7,0.0,14.357142857142858,1,Boston
201623,19.157142857142855,12.2,30.0,26.900000000000002,0.0,18.2,2,Boston
201624,19.442857142857143,12.2,29.4,3.5,0.0,18.057142857142857,2,Boston
201625,20.87142857142857,13.9,30.6,0.5,0.0,17.071428571428573,1,Boston
201626,22.314285714285713,15.0,30.6,7.8999999999999995,0.0,16.414285714285715,3,Boston
201627,22.357142857142858,16.1,34.4,6.3,0.0,15.685714285714287,2,Boston
201628,21.785714285714285,15.0,35.6,5.1,0.0,15.328571428571427,2,Boston
201629,26.099999999999998,18.3,36.7,0.3,0.0,17.342857142857145,1,Boston
201630,26.514285714285712,19.4,34.4,1.5,0.0,14.971428571428572,1,Boston
201631,22.342857142857145,16.7,31.7,4.8,0.0,15.171428571428569,2,Boston
201632,26.085714285714285,20.0,36.7,6.6,0.0,17.52857142857143,3,Boston
201633,25.62857142857143,19.4,35.6,13.2,0.0,16.728571428571428,2,Boston
201634,23.514285714285712,16.1,32.8,22.900000000000002,0.0,17.5,2,Boston
201635,23.25714285714286,17.8,32.2,0.5,0.0,16.685714285714287,1,Boston
201636,20.214285714285715,15.6,33.9,6.2,0.0,17.642857142857142,3,Boston
201637,20.814285714285713,12.2,32.2,2.6,0.0,17.942857142857143,3,Boston
201638,21.571428571428573,12.8,28.3,17.0,0.0,14.242857142857144,2,Boston
201639,14.87142857142857,8.9,22.2,8.899999999999999,0.0,20.814285714285713,2,Boston
201640,14.071428571428571,8.9,20.0,18.8,0.0,13.885714285714286,2,Boston
201641,13.1,6.7,22.2,47.0,0.0,15.685714285714285,2,Boston
201642,16.114285714285714,5.6,27.2,33.8,0.0,15.700000000000001,3,Boston
201643,9.257142857142858,1.1,18.3,35.8,0.0,23.75714285714286,3,Boston
201644,10.585714285714285,1.1,21.1,5.3,0.0,14.342857142857143,2,Boston
201645,8.514285714285714,1.7,16.7,2.5999999999999996,0.0,16.114285714285714,2,Boston
201646,9.828571428571427,1.1,18.9,25.900000000000002,0.0,17.7,2,Boston
201647,4.385714285714285,-1.0,10.6,4.1,0.0,19.0,3,Boston
201648,6.6571428571428575,0.6,14.4,41.9,0.0,17.95714285714286,3,Boston
201649,3.242857142857143,-3.8,6.7,5.6,0.0,17.414285714285715,2,Boston
201650,-1.6285714285714286,-15.5,6.7,11.2,3.0,20.271428571428572,2,Boston
201651,0.5142857142857145,-7.7,13.9,16.8,5.0,17.12857142857143,3,Boston
201652,3.966666666666667,-4.3,14.4,39.5,0.0,20.349999999999998,3,Boston
201700,2.4,-1.0,5.0,0.0,5.0,28.4,0,Boston
201701,-0.3,-3.2,5.6,1.8,3.0,22.7,1,Boston
201101,1.8571428571428572,-4.4,12.2,5.1,0.0,10.885714285714286,2,Philadelphia
201102,-3.1714285714285713,-11.1,0.0,14.2,47.0,15.442857142857141,3,Philadelphia
201103,0.028571428571428564,-7.2,6.7,24.9,17.0,15.328571428571427,4,Philadelphia
201104,-3.2714285714285714,-13.3,3.9,41.699999999999996,60.0,12.342857142857143,3,Philadelphia
201105,-0.7285714285714285,-7.8,5.6,18.400000000000002,121.0,13.314285714285713,3,Philadelphia
201106,0.14285714285714277,-8.9,8.9,6.8999999999999995,35.0,15.057142857142859,3,Philadelphia
201107,6.628571428571428,-5.6,20.6,0.0,0.0,18.97142857142857,0,Philadelphia
201108,2.9,-5.6,17.2,35.4,15.0,19.385714285714283,4,Philadelphia
201109,4.771428571428571,-5.6,15.6,7.1,0.0,15.785714285714286,1,Philadelphia
201110,8.214285714285714,-0.6,17.2,73.7,0.0,19.957142857142856,4,Philadelphia
201111,9.485714285714286,0.6,24.4,17.6,0.0,16.614285714285714,2,Philadelphia
201112,6.528571428571428,-2.2,19.4,16.5,0.0,16.97142857142857,3,Philadelphia
201113,4.1,-2.8,11.1,6.3999999999999995,0.0,16.085714285714285,2,Philadelphia
201114,10.057142857142859,1.7,26.1,21.4,0.0,17.7,3,Philadelphia
201115,13.057142857142859,5.0,28.3,16.5,0.0,14.714285714285714,2,Philadelphia
201116,12.842857142857143,4.4,28.3,79.6,0.0,18.714285714285715,3,Philadelphia
201117,19.957142857142856,6.1,29.4,12.0,0.0,16.057142857142857,5,Philadelphia
201118,15.642857142857142,7.8,28.3,11.9,0.0,14.200000000000001,1,Philadelphia
201119,16.942857142857143,10.0,24.4,0.0,0.0,11.214285714285714,0,Philadelphia
201120,17.657142857142855,13.9,25.0,35.7,0.0,12.028571428571428,7,Philadelphia
201121,22.442857142857143,13.3,32.8,0.8,0.0,11.37142857142857,1,Philadelphia
201122,25.814285714285713,14.4,35.6,0.0,0.0,14.442857142857141,0,Philadelphia
201123,24.771428571428572,13.3,37.2,4.6,0.0,10.857142857142858,1,Philadelphia
201124,22.071428571428573,13.9,28.9,56.2,0.0,12.557142857142859,5,Philadelphia
201125,25.12857142857143,20.0,33.3,2.3,0.0,10.457142857142857,3,Philadelphia
201126,24.67142857142857,18.3,30.6,2.0,0.0,10.457142857142857,1,Philadelphia
201127,26.785714285714285,20.0,35.0,38.4,0.0,10.542857142857143,3,Philadelphia
201128,27.099999999999998,19.4,34.4,0.0,0.0,15.571428571428571,0,Philadelphia
201129,28.714285714285715,20.0,39.4,15.0,0.0,13.87142857142857,1,Philadelphia
201130,28.585714285714285,22.2,38.3,15.5,0.0,10.62857142857143,3,Philadelphia
201131,26.642857142857142,19.4,35.6,65.5,0.0,10.657142857142857,3,Philadelphia
201132,26.2,18.3,33.3,47.8,0.0,12.428571428571429,2,Philadelphia
201133,23.685714285714287,18.9,31.1,215.6,0.0,9.942857142857141,5,Philadelphia
201134,23.67142857142857,15.6,31.1,16.8,0.0,11.785714285714286,2,Philadelphia
201135,22.357142857142858,15.0,29.4,144.79999999999998,0.0,12.299999999999999,2,Philadelphia
201136,22.985714285714288,16.1,30.6,161.7,0.0,12.971428571428572,4,Philadelphia
201137,21.557142857142857,10.0,31.1,16.799999999999997,0.0,10.442857142857141,3,Philadelphia
201138,18.75714285714286,11.7,26.7,61.6,0.0,9.6,4,Philadelphia
201139,22.142857142857142,15.0,28.9,20.8,0.0,8.671428571428573,4,Philadelphia
201140,14.028571428571427,8.3,23.3,14.8,0.0,12.385714285714286,3,Philadelphia
201141,18.642857142857142,10.6,29.4,14.0,0.0,11.414285714285715,3,Philadelphia
201142,16.057142857142857,8.3,22.8,23.6,0.0,20.25714285714286,1,Philadelphia
201143,11.828571428571427,2.8,18.9,4.6,0.0,11.214285714285714,2,Philadelphia
201144,7.957142857142857,-0.6,17.2,37.3,0.0,12.799999999999999,1,Philadelphia
201145,9.328571428571427,1.7,22.2,1.3,0.0,9.87142857142857,1,Philadelphia
201146,11.328571428571427,1.7,21.7,18.8,0.0,14.685714285714285,1,Philadelphia
201147,10.228571428571428,1.1,17.8,63.6,0.0,12.457142857142857,4,Philadelphia
201148,10.657142857142857,1.1,21.1,14.8,0.0,13.314285714285715,2,Philadelphia
201149,9.028571428571428,0.0,17.2,58.39999999999999,0.0,10.542857142857143,4,Philadelphia
201150,5.328571428571428,-2.8,15.0,0.3,0.0,9.942857142857141,1,Philadelphia
201151,6.671428571428572,-2.8,17.2,37.9,0.0,13.971428571428572,4,Philadelphia
201152,3.9166666666666665,-3.3,14.4,14.5,0.0,15.783333333333333,1,Philadelphia
201200,5.8,0.6,12.8,0.0,0.0,2.5,0,Philadelphia
201201,2.9,-10.0,15.0,0.8,0.0,16.7,2,Philadelphia
201202,5.3,-2.2,17.2,27.700000000000003,0.0,14.87142857142857,3,Philadelphia
201203,0.4857142857142857,-8.3,12.8,8.399999999999999,0.0,17.885714285714286,2,Philadelphia
201204,4.042857142857143,-7.2,16.1,29.1,12.0,14.085714285714285,4,Philadelphia
201205,6.457142857142857,-0.6,19.4,0.5,0.0,16.614285714285714,1,Philadelphia
201206,3.3428571428571425,-2.8,11.1,2.0,0.0,12.200000000000001,1,Philadelphia
201207,3.2285714285714286,-7.2,11.1,10.7,2.0,14.185714285714285,2,Philadelphia
201208,6.957142857142856,-1.7,16.7,7.4,0.0,16.142857142857142,1,Philadelphia
201209,6.142857142857143,-0.6,15.6,31.299999999999997,0.0,16.728571428571428,3,Philadelphia
201210,8.042857142857143,-2.8,21.1,3.5,0.0,19.214285714285715,2,Philadelphia
201211,11.171428571428573,-0.6,24.4,2.0,0.0,12.971428571428572,1,Philadelphia
201212,15.828571428571431,7.2,26.7,0.3,0.0,7.1571428571428575,1,Philadelphia
201213,10.428571428571429,0.0,19.4,2.3,0.0,18.400000000000002,2,Philadelphia
201214,10.657142857142857,2.8,21.7,15.3,0.0,16.97142857142857,3,Philadelphia
201215,11.828571428571427,3.9,21.1,0.0,0.0,21.25714285714286,0,Philadelphia
201216,17.914285714285715,7.8,31.7,1.0,0.0,11.200000000000001,1,Philadelphia
201217,12.328571428571427,5.0,26.7,55.3,0.0,18.2,4,Philadelphia
201218,14.057142857142859,3.3,26.7,12.4,0.0,10.5,4,Philadelphia
201219,16.785714285714285,10.0,23.3,15.0,0.0,13.785714285714286,3,Philadelphia
201220,19.957142857142856,10.0,27.8,22.3,0.0,10.771428571428572,2,Philadelphia
201221,20.614285714285717,11.7,29.4,32.6,0.0,10.714285714285714,3,Philadelphia
201222,24.642857142857142,17.8,33.3,20.8,0.0,13.214285714285714,2,Philadelphia
201223,19.099999999999998,11.1,28.9,13.0,0.0,12.742857142857144,3,Philadelphia
201224,23.185714285714287,15.6,34.4,25.1,0.0,13.442857142857141,1,Philadelphia
201225,24.228571428571428,13.9,36.1,14.0,0.0,10.485714285714286,1,Philadelphia
201226,25.514285714285712,15.0,36.7,3.6,0.0,15.928571428571429,1,Philadelphia
201227,29.7,21.1,36.7,1.0,0.0,13.285714285714286,1,Philadelphia
201228,27.657142857142855,20.6,38.3,0.8,0.0,9.771428571428572,1,Philadelphia
201229,26.82857142857143,17.8,37.8,24.1,0.0,13.114285714285716,3,Philadelphia
201230,26.32857142857143,18.3,36.1,11.7,0.0,15.114285714285714,1,Philadelphia
201231,25.942857142857143,20.6,33.9,12.700000000000001,0.0,8.657142857142857,3,Philadelphia
201232,27.2,21.1,35.6,50.8,0.0,11.014285714285716,2,Philadelphia
201233,25.571428571428573,20.0,32.2,37.4,0.0,11.028571428571428,4,Philadelphia
201234,24.042857142857144,17.8,32.2,10.9,0.0,7.128571428571428,1,Philadelphia
201235,25.428571428571427,18.3,33.3,25.6,0.0,13.12857142857143,2,Philadelphia
201236,25.342857142857145,21.1,32.8,94.0,0.0,10.757142857142856,4,Philadelphia
201237,21.099999999999998,12.2,31.7,7.9,0.0,10.228571428571428,1,Philadelphia
201238,19.842857142857145,12.8,26.7,18.8,0.0,11.971428571428572,2,Philadelphia
201239,19.75714285714286,10.6,29.4,18.6,0.0,12.071428571428571,3,Philadelphia
201240,19.5,11.1,27.8,2.1,0.0,9.37142857142857,2,Philadelphia
201241,13.314285714285715,6.1,25.6,5.6,0.0,13.185714285714287,3,Philadelphia
201242,15.157142857142857,2.8,23.9,10.9,0.0,13.428571428571429,2,Philadelphia
201243,15.785714285714286,8.3,23.3,0.0,0.0,9.585714285714285,0,Philadelphia
201244,11.271428571428572,6.1,19.4,85.1,0.0,22.585714285714285,3,Philadelphia
201245,5.957142857142857,0.0,13.3,10.200000000000001,0.0,18.82857142857143,2,Philadelphia
201246,8.585714285714285,1.7,21.7,3.6,0.0,10.185714285714285,1,Philadelphia
201247,7.585714285714286,0.6,14.4,0.0,0.0,10.514285714285716,0,Philadelphia
201248,3.914285714285714,-2.2,11.1,13.0,0.0,14.6,1,Philadelphia
201249,8.614285714285714,-1.1,19.4,5.8999999999999995,0.0,9.214285714285714,3,Philadelphia
201250,7.314285714285715,-1.1,15.6,16.0,0.0,8.757142857142856,4,Philadelphia
201251,7.285714285714286,0.0,15.6,50.8,0.0,14.799999999999999,5,Philadelphia
201252,2.9285714285714284,-1.7,7.8,34.1,0.0,19.3,3,Philadelphia
201253,0.7,0.0,1.7,5.6,0.0,13.3,1,Philadelphia
201300,1.3,-3.9,5.6,0.0,0.0,18.0,0,Philadelphia
201301,4.728571428571429,-2.8,11.7,19.6,2.0,10.185714285714285,2,Philadelphia
201302,5.771428571428571,-1.7,14.4,35.6,0.0,10.385714285714286,3,Philadelphia
201303,-2.357142857142857,-11.1,13.9,3.1,2.0,17.585714285714285,2,Philadelphia
201304,2.4285714285714284,-10.0,20.0,26.6,2.0,17.742857142857144,3,Philadelphia
201305,-0.5857142857142856,-7.8,5.6,10.0,0.0,13.714285714285714,4,Philadelphia
201306,3.2285714285714286,-6.1,13.9,21.8,2.0,13.285714285714286,3,Philadelphia
201307,0.42857142857142855,-6.1,7.8,5.8,0.0,20.928571428571427,2,Philadelphia
201308,5.285714285714286,-2.2,11.7,16.2,0.0,16.1,4,Philadelphia
201309,3.1714285714285713,-1.7,9.4,3.8,0.0,23.599999999999998,2,Philadelphia
201310,7.042857142857143,-1.7,16.7,22.9,0.0,17.142857142857142,1,Philadelphia
201311,3.514285714285714,-2.2,11.7,18.5,0.0,18.67142857142857,3,Philadelphia
201312,5.685714285714285,-1.7,12.2,11.7,2.0,16.7,1,Philadelphia
201313,7.485714285714286,-0.5,18.9,6.8999999999999995,0.0,16.2,2,Philadelphia
201314,15.157142857142858,2.8,31.7,34.8,0.0,15.785714285714286,2,Philadelphia
201315,14.414285714285715,5.6,25.6,11.5,0.0,13.799999999999999,2,Philadelphia
201316,11.4,2.8,22.2,3.0999999999999996,0.0,16.414285714285715,2,Philadelphia
201317,14.571428571428571,7.8,23.3,7.3999999999999995,0.0,13.185714285714285,2,Philadelphia
201318,15.928571428571429,7.2,28.3,34.0,0.0,12.9,4,Philadelphia
201319,17.228571428571428,5.0,27.8,10.5,0.0,14.071428571428571,4,Philadelphia
201320,20.485714285714288,8.9,30.6,11.1,0.0,14.814285714285715,4,Philadelphia
201321,20.142857142857142,9.4,33.9,3.6,0.0,14.4,1,Philadelphia
201322,22.7,14.4,33.9,116.10000000000001,0.0,14.185714285714285,4,Philadelphia
201323,22.47142857142857,13.9,29.4,70.0,0.0,14.957142857142857,4,Philadelphia
201324,22.228571428571428,15.0,31.1,24.9,0.0,10.228571428571428,1,Philadelphia
201325,25.385714285714283,16.1,33.9,45.8,0.0,12.085714285714285,5,Philadelphia
201326,26.02857142857143,21.1,32.8,19.5,0.0,13.328571428571427,3,Philadelphia
201327,27.5,21.1,34.4,31.0,0.0,14.971428571428572,4,Philadelphia
201328,29.614285714285717,21.7,36.7,0.0,0.0,12.4,0,Philadelphia
201329,25.82857142857143,17.2,34.4,87.4,0.0,13.842857142857143,2,Philadelphia
201330,23.928571428571427,18.3,30.0,243.6,0.0,10.385714285714286,3,Philadelphia
201331,23.542857142857144,16.7,31.1,10.4,0.0,13.12857142857143,2,Philadelphia
201332,23.585714285714285,14.4,30.0,51.3,0.0,10.299999999999999,1,Philadelphia
201333,23.657142857142855,17.2,31.7,28.2,0.0,9.6,2,Philadelphia
201334,23.771428571428572,16.1,31.7,26.4,0.0,11.357142857142858,1,Philadelphia
201335,23.914285714285715,13.3,31.7,48.0,0.0,11.828571428571427,1,Philadelphia
201336,23.3,12.8,34.4,5.199999999999999,0.0,12.771428571428572,3,Philadelphia
201337,16.87142857142857,8.9,26.1,1.3,0.0,10.299999999999999,1,Philadelphia
201338,17.357142857142858,8.3,26.7,28.5,0.0,10.414285714285715,2,Philadelphia
201339,20.24285714285714,11.7,30.0,0.0,0.0,8.585714285714285,0,Philadelphia
201340,18.614285714285717,11.1,30.0,58.7,0.0,16.04285714285714,4,Philadelphia
201341,17.057142857142857,10.6,23.3,0.6,0.0,13.014285714285714,2,Philadelphia
201342,11.657142857142857,2.8,20.0,2.1,0.0,13.571428571428571,2,Philadelphia
201343,12.242857142857144,2.8,21.7,5.8,0.0,12.142857142857142,3,Philadelphia
201344,10.700000000000001,0.6,21.1,1.3,0.0,14.271428571428572,1,Philadelphia
201345,6.6571428571428575,-2.1,16.7,0.0,0.0,16.714285714285715,0,Philadelphia
201346,9.957142857142857,0.0,20.6,5.3999999999999995,0.0,13.014285714285714,2,Philadelphia
201347,2.585714285714286,-6.6,17.8,57.9,0.0,18.62857142857143,2,Philadelphia
201348,7.185714285714285,-3.8,17.2,19.6,0.0,7.285714285714286,1,Philadelphia
201349,-0.21428571428571427,-6.0,5.0,48.1,56.0,15.885714285714286,4,Philadelphia
201350,1.4142857142857144,-4.3,12.2,20.900000000000002,19.0,13.9,3,Philadelphia
201351,6.628571428571429,-6.0,20.0,13.4,0.0,15.057142857142859,2,Philadelphia
201352,5.699999999999999,-2.1,13.3,30.2,0.0,12.45,1,Philadelphia
201400,-1.02,-11.6,7.8,17.799999999999997,23.0,17.0,2,Philadelphia
201401,-3.257142857142857,-15.5,15.6,24.2,38.0,13.942857142857141,3,Philadelphia
201402,5.8428571428571425,-3.8,16.1,23.9,0.0,11.642857142857142,3,Philadelphia
201403,-4.171428571428572,-15.5,10.6,18.1,83.0,20.0,2,Philadelphia
201404,-5.0,-12.1,7.8,6.4,80.0,14.5,3,Philadelphia
201405,0.9857142857142858,-5.5,11.7,65.8,29.0,11.728571428571428,3,Philadelphia
201406,-2.7142857142857144,-11.0,6.7,42.2,70.0,16.428571428571427,4,Philadelphia
201407,1.2571428571428573,-7.1,17.2,19.7,95.0,12.700000000000001,4,Philadelphia
201408,0.44285714285714295,-12.1,15.0,2.3,0.0,16.642857142857142,1,Philadelphia
201409,-1.8857142857142857,-11.0,5.6,9.6,21.0,12.757142857142856,2,Philadelphia
201410,6.071428571428571,-6.0,20.6,7.3999999999999995,0.0,19.0,2,Philadelphia
201411,5.2,-4.9,17.2,22.8,21.0,18.37142857142857,2,Philadelphia
201412,4.085714285714286,-4.9,20.0,0.8,0.0,18.242857142857144,2,Philadelphia
201413,9.514285714285716,2.8,18.9,68.7,0.0,16.357142857142858,5,Philadelphia
201414,11.714285714285714,1.7,26.1,14.0,0.0,16.5,2,Philadelphia
201415,13.228571428571428,-0.5,27.8,19.3,0.0,18.914285714285715,1,Philadelphia
201416,12.62857142857143,3.9,24.4,12.4,0.0,16.97142857142857,1,Philadelphia
201417,13.685714285714285,6.7,26.1,123.5,0.0,17.857142857142858,4,Philadelphia
201418,15.842857142857143,9.4,25.0,3.0999999999999996,0.0,12.799999999999999,2,Philadelphia
201419,20.414285714285715,12.2,30.0,42.4,0.0,15.114285714285714,2,Philadelphia
201420,17.87142857142857,9.4,26.1,3.0,0.0,11.985714285714286,2,Philadelphia
201421,19.400000000000002,12.2,31.1,24.4,0.0,12.757142857142856,2,Philadelphia
201422,21.428571428571427,12.2,31.7,11.700000000000001,0.0,13.214285714285714,2,Philadelphia
201423,22.285714285714285,16.7,30.0,95.49999999999999,0.0,10.928571428571429,5,Philadelphia
201424,24.75714285714286,14.4,34.4,13.5,0.0,13.671428571428573,1,Philadelphia
201425,24.314285714285713,17.2,32.2,18.1,0.0,11.728571428571428,2,Philadelphia
201426,25.785714285714285,18.3,35.6,8.6,0.0,13.9,3,Philadelphia
201427,26.157142857142855,17.8,35.0,4.3,0.0,17.12857142857143,1,Philadelphia
201428,25.614285714285717,18.3,32.8,51.900000000000006,0.0,12.842857142857143,3,Philadelphia
201429,24.599999999999998,17.2,33.9,1.3,0.0,12.457142857142857,1,Philadelphia
201430,23.728571428571428,16.7,32.8,48.0,0.0,13.057142857142859,4,Philadelphia
201431,23.7,17.2,32.2,14.899999999999999,0.0,11.257142857142856,2,Philadelphia
201432,23.485714285714288,15.6,31.1,33.8,0.0,13.014285714285714,2,Philadelphia
201433,23.599999999999998,16.1,30.6,2.0,0.0,10.028571428571428,1,Philadelphia
201434,23.442857142857143,16.1,32.2,6.4,0.0,11.257142857142856,1,Philadelphia
201435,25.47142857142857,15.6,33.9,33.1,0.0,11.357142857142858,3,Philadelphia
201436,23.25714285714286,17.2,33.9,0.3,0.0,14.142857142857142,1,Philadelphia
201437,18.114285714285714,11.7,23.9,14.2,0.0,11.12857142857143,2,Philadelphia
201438,18.585714285714285,10.0,26.1,23.6,0.0,14.299999999999999,2,Philadelphia
201439,20.24285714285714,15.0,30.0,1.5,0.0,9.714285714285714,1,Philadelphia
201440,16.485714285714288,6.1,23.9,14.0,0.0,15.37142857142857,2,Philadelphia
201441,17.32857142857143,7.8,26.1,35.6,0.0,12.642857142857142,4,Philadelphia
201442,13.928571428571429,3.9,22.2,12.5,0.0,18.428571428571427,2,Philadelphia
201443,14.042857142857143,4.4,24.4,0.8,0.0,13.271428571428572,1,Philadelphia
201444,10.914285714285715,2.2,21.7,36.9,0.0,20.25714285714286,3,Philadelphia
201445,9.028571428571428,1.1,21.1,4.1,0.0,10.928571428571429,1,Philadelphia
201446,2.3714285714285714,-6.6,10.6,29.0,0.0,18.04285714285714,2,Philadelphia
201447,7.314285714285714,-4.9,22.2,33.5,0.0,17.17142857142857,2,Philadelphia
201448,5.871428571428572,-3.2,18.3,11.0,0.0,13.842857142857143,4,Philadelphia
201449,3.7857142857142856,-2.7,10.0,43.7,0.0,23.2,3,Philadelphia
201450,5.185714285714286,0.0,11.7,3.0,0.0,15.585714285714285,1,Philadelphia
201451,6.057142857142857,-2.7,18.3,24.900000000000002,0.0,13.328571428571427,4,Philadelphia
201452,7.0,0.0,13.9,0.5,0.0,9.5,1,Philadelphia
201500,1.2,-3.8,6.7,0.0,0.0,16.925,0,Philadelphia
201501,-1.1285714285714286,-12.7,14.4,31.0,5.0,19.542857142857144,4,Philadelphia
201502,-1.542857142857143,-9.3,6.1,15.0,0.0,15.657142857142857,1,Philadelphia
201503,0.8142857142857143,-7.7,7.8,53.1,3.0,11.214285714285714,4,Philadelphia
201504,0.02857142857142863,-6.6,7.8,15.8,6.0,21.24285714285714,2,Philadelphia
201505,-1.8,-9.9,8.3,25.1,0.0,18.5,2,Philadelphia
201506,-0.3428571428571429,-12.1,10.6,0.8,0.0,18.114285714285714,1,Philadelphia
201507,-8.371428571428572,-16.6,0.0,7.6,24.0,20.514285714285712,3,Philadelphia
201508,-2.985714285714286,-13.8,8.3,26.4,16.0,13.642857142857142,2,Philadelphia
201509,-1.7857142857142858,-11.6,6.1,60.9,20.0,12.857142857142858,4,Philadelphia
201510,5.7,-11.6,16.1,20.0,23.0,13.728571428571428,2,Philadelphia
201511,5.571428571428571,-2.1,20.0,41.900000000000006,0.0,17.057142857142857,2,Philadelphia
201512,5.042857142857143,-2.7,19.4,15.0,10.0,13.299999999999999,3,Philadelphia
201513,7.442857142857143,-3.2,19.4,5.3,0.0,18.842857142857145,3,Philadelphia
201514,10.542857142857143,3.9,23.9,9.2,0.0,19.357142857142858,4,Philadelphia
201515,14.87142857142857,3.3,23.9,6.8,0.0,13.685714285714285,2,Philadelphia
201516,14.414285714285713,3.9,27.2,71.9,0.0,20.0,2,Philadelphia
201517,13.771428571428572,2.8,25.0,0.0,0.0,15.957142857142857,0,Philadelphia
201518,19.728571428571428,8.3,29.4,0.0,0.0,10.085714285714285,0,Philadelphia
201519,20.75714285714286,10.0,31.1,0.8,0.0,14.971428571428572,1,Philadelphia
201520,19.885714285714283,10.6,30.6,14.4,0.0,13.799999999999999,5,Philadelphia
201521,22.842857142857145,10.6,31.7,15.2,0.0,15.528571428571428,1,Philadelphia
201522,19.442857142857143,11.7,33.3,61.0,0.0,15.614285714285714,4,Philadelphia
201523,24.314285714285713,14.4,35.0,24.2,0.0,15.628571428571428,3,Philadelphia
201524,25.87142857142857,18.3,32.8,25.700000000000003,0.0,12.614285714285714,3,Philadelphia
201525,26.042857142857144,20.0,35.0,37.1,0.0,13.857142857142858,4,Philadelphia
201526,23.014285714285712,17.2,30.0,80.2,0.0,14.742857142857144,5,Philadelphia
201527,25.728571428571428,19.4,32.8,19.8,0.0,12.142857142857142,2,Philadelphia
201528,25.114285714285717,17.8,32.2,32.2,0.0,10.057142857142859,2,Philadelphia
201529,27.32857142857143,19.4,35.0,0.8,0.0,12.971428571428572,1,Philadelphia
201530,27.3,20.0,33.9,24.9,0.0,12.185714285714285,2,Philadelphia
201531,27.214285714285715,20.0,33.9,2.3,0.0,14.4,2,Philadelphia
201532,24.514285714285712,18.3,31.1,19.3,0.0,11.842857142857142,2,Philadelphia
201533,27.314285714285713,20.6,34.4,3.3,0.0,13.585714285714285,1,Philadelphia
201534,24.714285714285715,17.2,31.7,0.0,0.0,11.928571428571429,0,Philadelphia
201535,27.357142857142858,17.8,35.6,0.0,0.0,12.5,0,Philadelphia
201536,25.442857142857143,17.2,34.4,121.2,0.0,12.242857142857144,2,Philadelphia
201537,22.02857142857143,13.3,30.6,0.5,0.0,10.957142857142857,1,Philadelphia
201538,21.0,13.9,29.4,0.0,0.0,14.700000000000001,0,Philadelphia
201539,19.357142857142858,10.0,29.4,95.7,0.0,19.800000000000004,4,Philadelphia
201540,16.342857142857145,9.4,26.7,7.7,0.0,15.685714285714285,2,Philadelphia
201541,16.214285714285715,8.3,24.4,0.0,0.0,12.971428571428572,0,Philadelphia
201542,12.528571428571428,1.7,25.0,0.0,0.0,14.928571428571429,0,Philadelphia
201543,14.242857142857144,5.6,22.2,29.7,0.0,15.528571428571427,2,Philadelphia
201544,15.299999999999999,4.4,26.7,3.0,0.0,8.942857142857143,2,Philadelphia
201545,13.671428571428573,3.9,20.6,20.4,0.0,14.671428571428573,4,Philadelphia
201546,11.814285714285715,2.8,21.1,20.8,0.0,15.685714285714285,1,Philadelphia
201547,7.542857142857143,0.6,18.9,0.0,0.0,11.799999999999999,0,Philadelphia
201548,9.771428571428572,2.2,16.7,25.700000000000003,0.0,13.714285714285714,5,Philadelphia
201549,7.957142857142857,0.0,16.7,0.0,0.0,7.385714285714286,0,Philadelphia
201550,13.171428571428573,3.9,21.7,28.0,0.0,12.742857142857144,3,Philadelphia
201551,11.5,-1.0,21.7,52.8,0.0,15.471428571428572,4,Philadelphia
201552,10.75,4.4,18.3,23.6,0.0,17.125,3,Philadelphia
201600,7.966666666666666,1.1,11.1,4.3,0.0,13.1,1,Philadelphia
201601,0.8285714285714286,-11.0,10.0,0.0,0.0,12.200000000000001,0,Philadelphia
201602,3.8428571428571425,-6.0,18.3,20.1,0.0,18.357142857142858,2,Philadelphia
201603,-0.8142857142857144,-8.8,12.2,11.2,0.0,19.599999999999998,3,Philadelphia
201604,0.7571428571428571,-7.1,10.0,35.6,195.0,15.328571428571427,1,Philadelphia
201605,7.0,-3.2,16.7,24.7,31.0,13.014285714285714,4,Philadelphia
201606,0.3000000000000001,-8.8,7.8,2.9,0.0,16.34285714285714,4,Philadelphia
201607,-1.385714285714286,-13.2,15.6,24.4,0.0,18.428571428571427,2,Philadelphia
201608,7.814285714285714,0.0,18.3,58.699999999999996,0.0,21.357142857142858,4,Philadelphia
201609,6.114285714285714,-2.7,17.8,8.899999999999999,0.0,19.400000000000002,4,Philadelphia
201610,11.585714285714285,-1.6,27.8,0.0,0.0,12.357142857142858,0,Philadelphia
201611,11.200000000000001,5.0,21.7,28.8,0.0,13.357142857142858,5,Philadelphia
201612,10.042857142857143,0.6,22.8,2.1,0.0,18.214285714285715,2,Philadelphia
201613,12.785714285714286,2.8,26.7,13.0,0.0,20.82857142857143,3,Philadelphia
201614,8.914285714285715,-1.6,18.3,15.5,0.0,23.042857142857144,3,Philadelphia
201615,9.5,-0.5,20.6,17.8,0.0,15.271428571428572,2,Philadelphia
201616,16.357142857142858,5.0,27.8,0.0,0.0,13.485714285714286,0,Philadelphia
201617,14.4,7.2,30.0,9.899999999999999,0.0,14.4,3,Philadelphia
201618,11.957142857142857,8.3,18.3,60.7,0.0,13.585714285714285,5,Philadelphia
201619,15.571428571428571,10.0,24.4,8.899999999999999,0.0,11.571428571428571,4,Philadelphia
201620,15.028571428571428,5.6,24.4,5.5,0.0,14.3,2,Philadelphia
201621,20.057142857142857,11.1,32.2,55.4,0.0,12.014285714285714,4,Philadelphia
201622,23.814285714285713,16.7,32.2,41.4,0.0,10.700000000000001,3,Philadelphia
201623,21.814285714285713,11.7,30.0,14.5,0.0,17.5,2,Philadelphia
201624,22.642857142857142,15.0,33.3,10.0,0.0,15.828571428571427,2,Philadelphia
201625,25.042857142857144,15.0,32.8,4.1,0.0,13.4,1,Philadelphia
201626,24.314285714285713,17.8,31.1,16.0,0.0,11.728571428571428,2,Philadelphia
201627,26.17142857142857,19.4,35.0,9.4,0.0,13.671428571428573,2,Philadelphia
201628,25.75714285714286,18.3,35.6,4.1,0.0,13.299999999999999,3,Philadelphia
201629,27.228571428571428,20.6,35.6,17.2,0.0,13.842857142857143,2,Philadelphia
201630,28.5,22.8,36.1,61.0,0.0,12.457142857142857,3,Philadelphia
201631,25.02857142857143,18.9,32.2,6.9,0.0,11.271428571428572,1,Philadelphia
201632,28.0,20.0,36.1,7.9,0.0,14.385714285714286,1,Philadelphia
201633,29.357142857142858,22.8,36.7,20.1,0.0,13.642857142857142,3,Philadelphia
201634,25.571428571428573,16.7,33.9,15.2,0.0,13.37142857142857,1,Philadelphia
201635,26.285714285714285,17.8,33.9,11.9,0.0,11.257142857142856,1,Philadelphia
201636,25.542857142857144,17.2,35.0,0.0,0.0,15.571428571428571,0,Philadelphia
201637,24.414285714285715,15.0,35.0,0.0,0.0,13.671428571428573,0,Philadelphia
201638,23.314285714285713,15.0,31.7,32.8,0.0,9.357142857142858,1,Philadelphia
201639,18.32857142857143,11.7,24.4,44.7,0.0,16.342857142857145,4,Philadelphia
201640,17.5,12.2,25.6,0.5,0.0,10.971428571428572,1,Philadelphia
201641,14.799999999999999,7.2,22.2,29.200000000000003,0.0,12.557142857142859,2,Philadelphia
201642,19.514285714285712,6.7,30.0,0.0,0.0,11.114285714285714,0,Philadelphia
201643,11.671428571428573,3.3,18.9,17.0,0.0,19.114285714285717,2,Philadelphia
201644,14.028571428571428,3.9,26.1,5.8999999999999995,0.0,13.828571428571427,2,Philadelphia
201645,11.185714285714285,3.9,20.6,9.7,0.0,15.428571428571429,1,Philadelphia
201646,10.085714285714285,1.7,21.1,0.0,0.0,11.114285714285714,0,Philadelphia
201647,7.1571428571428575,0.0,22.2,0.8,0.0,18.900000000000002,1,Philadelphia
201648,9.671428571428573,0.0,17.2,45.199999999999996,0.0,16.014285714285716,3,Philadelphia
201649,5.628571428571428,-1.6,11.1,23.1,0.0,16.985714285714288,3,Philadelphia
201650,0.6428571428571427,-8.8,10.0,11.0,0.0,15.228571428571428,2,Philadelphia
201651,1.9714285714285715,-6.6,15.6,18.8,0.0,13.428571428571429,2,Philadelphia
201652,6.266666666666667,-1.0,17.8,15.5,0.0,14.033333333333333,3,Philadelphia
201700,3.4,0.0,5.6,0.0,0.0,26.3,0,Philadelphia
201701,2.4,-1.0,7.8,0.0,0.0,20.9,0,Philadelphia
201101,1.3428571428571427,-5.0,9.4,4.6,26.0,14.714285714285714,2,New York
201102,-2.7714285714285714,-9.4,2.2,15.299999999999999,45.0,22.599999999999998,2,New York
201103,-0.25714285714285723,-7.2,7.2,44.2,54.0,19.071428571428573,3,New York
201104,-3.842857142857143,-14.4,2.8,26.0,89.0,15.557142857142859,4,New York
201105,-1.2,-6.7,3.9,19.6,147.0,17.214285714285715,3,New York
201106,-0.15714285714285703,-8.9,7.2,11.6,49.0,20.52857142857143,3,New York
201107,4.3,-5.0,19.4,2.5,0.0,21.085714285714285,1,New York
201108,0.9571428571428572,-8.3,12.2,38.3,12.0,25.97142857142857,3,New York
201109,3.342857142857143,-6.7,15.6,9.4,0.0,21.971428571428568,1,New York
201110,6.242857142857143,-1.7,12.8,65.1,0.0,26.17142857142857,4,New York
201111,8.371428571428572,-0.6,26.1,17.8,0.0,19.228571428571428,1,New York
201112,5.071428571428571,-1.7,16.1,28.2,4.0,20.228571428571428,3,New York
201113,3.5714285714285716,-2.8,10.6,8.899999999999999,0.0,22.642857142857142,2,New York
201114,8.314285714285715,2.8,15.6,4.3,0.0,21.657142857142855,3,New York
201115,10.37142857142857,2.8,20.6,30.2,0.0,17.285714285714285,2,New York
201116,10.285714285714286,3.9,17.2,33.4,0.0,21.47142857142857,3,New York
201117,14.771428571428572,6.7,23.3,37.1,0.0,20.571428571428573,3,New York
201118,13.299999999999999,8.3,19.4,14.7,0.0,18.87142857142857,1,New York
201119,15.585714285714285,9.4,23.3,0.0,0.0,15.385714285714286,0,New York
201120,16.2,11.7,22.8,51.3,0.0,16.357142857142858,5,New York
201121,18.214285714285715,12.2,27.8,3.3,0.0,14.042857142857143,2,New York
201122,22.25714285714286,14.4,30.6,10.9,0.0,18.614285714285717,1,New York
201123,22.37142857142857,13.3,33.9,11.2,0.0,13.571428571428571,1,New York
201124,19.842857142857145,13.3,28.9,40.400000000000006,0.0,14.614285714285714,5,New York
201125,22.02857142857143,17.8,28.9,0.6,0.0,12.4,2,New York
201126,23.985714285714288,17.2,30.6,1.0,0.0,14.299999999999999,1,New York
201127,25.142857142857142,19.4,33.3,22.799999999999997,0.0,12.6,3,New York
201128,26.17142857142857,18.9,36.7,1.5,0.0,18.771428571428572,1,New York
201129,26.985714285714288,20.6,39.4,0.0,0.0,16.0,0,New York
201130,26.614285714285717,20.6,38.9,44.4,0.0,13.257142857142856,4,New York
201131,26.12857142857143,20.0,33.9,15.5,0.0,14.714285714285714,2,New York
201132,25.557142857142857,18.3,33.3,15.5,0.0,16.65714285714286,2,New York
201133,23.2,18.9,28.9,220.0,0.0,13.157142857142857,4,New York
201134,23.2,16.7,28.3,59.199999999999996,0.0,16.014285714285712,2,New York
201135,22.014285714285712,16.1,27.8,127.69999999999999,0.0,16.571428571428573,2,New York
201136,21.642857142857142,16.7,30.0,61.0,0.0,18.97142857142857,3,New York
201137,20.8,10.0,27.8,0.3,0.0,14.614285714285714,1,New York
201138,18.157142857142855,11.1,26.1,28.3,0.0,11.771428571428572,3,New York
201139,21.52857142857143,15.0,28.3,17.5,0.0,12.7,3,New York
201140,14.742857142857144,8.3,23.3,6.1,0.0,15.642857142857142,2,New York
201141,19.042857142857144,12.2,30.6,9.7,0.0,15.200000000000001,3,New York
201142,16.257142857142856,10.6,20.6,32.1,0.0,24.74285714285714,2,New York
201143,11.685714285714285,2.8,17.8,17.5,0.0,14.200000000000001,1,New York
201144,7.671428571428572,0.0,15.0,46.5,2.0,16.157142857142855,2,New York
201145,10.114285714285714,0.6,20.6,0.0,0.0,12.642857142857142,0,New York
201146,10.914285714285715,2.2,18.3,16.8,0.0,17.9,3,New York
201147,9.842857142857143,2.8,17.2,61.5,0.0,18.457142857142856,3,New York
201148,10.442857142857141,1.1,18.3,4.1,0.0,18.885714285714283,1,New York
201149,8.542857142857143,0.6,13.9,34.7,0.0,15.085714285714285,3,New York
201150,5.571428571428571,-2.2,14.4,0.0,0.0,16.142857142857142,0,New York
201151,5.8999999999999995,-6.1,15.6,26.8,0.0,17.7,4,New York
201152,3.8333333333333335,-3.9,13.9,17.8,0.0,22.433333333333334,1,New York
201200,6.1,2.2,10.0,0.0,0.0,6.8,0,New York
201201,3.0142857142857147,-10.6,13.3,1.8,0.0,21.285714285714285,1,New York
201202,5.285714285714286,-1.7,16.1,25.9,0.0,20.67142857142857,2,New York
201203,-0.4142857142857143,-10.0,11.7,5.8,0.0,23.457142857142856,1,New York
201204,3.857142857142857,-7.8,14.4,22.1,7.0,18.728571428571428,4,New York
201205,5.828571428571428,-1.1,17.8,0.8,0.0,21.599999999999998,1,New York
201206,3.7285714285714286,-1.7,10.6,1.0,0.0,16.257142857142856,1,New York
201207,3.4285714285714284,-6.1,11.7,8.1,0.0,18.3,5,New York
201208,5.671428571428572,-3.3,16.1,9.700000000000001,0.0,18.914285714285715,2,New York
201209,4.785714285714286,-1.1,10.6,19.0,0.0,23.542857142857144,3,New York
201210,6.457142857142857,-3.3,15.0,5.4,0.0,24.54285714285714,2,New York
201211,8.785714285714286,-1.7,22.2,2.5,0.0,16.47142857142857,2,New York
201212,12.785714285714286,4.4,25.0,0.0,0.0,9.942857142857141,0,New York
201213,9.6,-0.6,17.8,5.3,0.0,22.985714285714288,4,New York
201214,9.799999999999999,2.8,21.1,19.0,0.0,20.214285714285715,3,New York
201215,11.914285714285715,4.4,20.0,0.0,0.0,22.942857142857143,0,New York
201216,15.585714285714287,7.2,27.2,0.0,0.0,14.771428571428572,0,New York
201217,11.157142857142857,4.4,18.9,65.3,0.0,23.542857142857144,4,New York
201218,12.157142857142857,4.4,21.1,48.3,0.0,15.328571428571427,4,New York
201219,14.542857142857143,10.0,21.7,45.300000000000004,0.0,16.7,4,New York
201220,17.4,10.0,23.9,15.0,0.0,15.185714285714287,2,New York
201221,18.185714285714287,11.1,25.6,62.800000000000004,0.0,12.228571428571428,4,New York
201222,22.17142857142857,16.7,29.4,20.1,0.0,14.785714285714286,4,New York
201223,18.342857142857145,10.6,25.6,27.200000000000003,0.0,16.3,3,New York
201224,20.5,15.0,26.7,64.19999999999999,0.0,14.5,3,New York
201225,22.642857142857142,12.8,36.1,4.8,0.0,14.142857142857142,1,New York
201226,23.614285714285717,13.9,33.3,67.1,0.0,17.957142857142856,4,New York
201227,27.571428571428573,21.1,35.0,1.0,0.0,16.04285714285714,1,New York
201228,25.714285714285715,20.0,37.2,1.8,0.0,12.757142857142856,1,New York
201229,25.599999999999998,16.7,35.6,20.8,0.0,15.799999999999999,3,New York
201230,24.814285714285713,16.7,35.0,13.700000000000001,0.0,16.657142857142855,2,New York
201231,24.142857142857142,19.4,30.6,3.6,0.0,12.6,2,New York
201232,25.928571428571427,20.0,32.2,64.19999999999999,0.0,15.457142857142857,3,New York
201233,25.314285714285713,20.6,31.1,11.2,0.0,14.114285714285714,1,New York
201234,22.928571428571427,17.2,29.4,9.4,0.0,10.857142857142858,1,New York
201235,24.357142857142858,16.7,32.2,15.7,0.0,16.0,2,New York
201236,24.3,20.6,33.3,34.8,0.0,14.685714285714287,3,New York
201237,20.728571428571428,12.2,28.3,7.6,0.0,15.971428571428572,1,New York
201238,19.285714285714285,12.2,25.6,40.4,0.0,18.571428571428573,2,New York
201239,18.900000000000002,11.1,25.0,19.4,0.0,17.74285714285714,3,New York
201240,18.74285714285714,12.2,25.0,19.6,0.0,10.971428571428572,3,New York
201241,13.514285714285716,6.1,24.4,10.5,0.0,18.0,3,New York
201242,14.200000000000001,2.8,22.2,12.2,0.0,18.714285714285715,3,New York
201243,15.542857142857144,10.6,21.7,0.8,0.0,11.62857142857143,1,New York
201244,12.257142857142856,6.1,19.4,14.3,0.0,28.385714285714283,3,New York
201245,5.171428571428572,-0.6,11.7,25.6,15.0,23.485714285714288,2,New York
201246,8.32857142857143,2.2,17.2,2.0,0.0,14.714285714285714,1,New York
201247,6.985714285714286,1.1,12.8,0.8,0.0,11.671428571428573,1,New York
201248,4.185714285714285,0.6,9.4,11.200000000000001,0.0,20.014285714285712,2,New York
201249,7.271428571428571,-1.7,16.7,4.8,0.0,14.614285714285714,3,New York
201250,7.014285714285714,0.0,13.3,24.4,0.0,12.242857142857144,4,New York
201251,6.8999999999999995,0.0,13.3,49.2,0.0,21.3,4,New York
201252,2.642857142857143,-2.2,7.8,40.400000000000006,0.0,24.685714285714287,4,New York
201253,0.6,-2.2,2.8,6.6,0.0,15.1,1,New York
201300,0.5,-5.0,5.0,0.0,0.0,25.866666666666664,0,New York
201301,4.642857142857143,-1.1,10.0,14.7,0.0,15.328571428571427,1,New York
201302,4.757142857142857,-3.9,14.4,26.2,0.0,14.700000000000001,5,New York
201303,-2.8285714285714283,-11.1,13.3,2.1,0.0,22.82857142857143,2,New York
201304,1.2857142857142858,-10.0,13.3,17.8,2.0,23.757142857142856,4,New York
201305,-1.3,-6.7,5.0,21.400000000000002,2.0,18.557142857142857,4,New York
201306,1.9857142857142855,-8.3,9.4,16.599999999999998,43.0,16.04285714285714,3,New York
201307,-0.014285714285714337,-7.8,7.2,3.3,0.0,28.6,1,New York
201308,4.957142857142857,-0.6,10.6,28.2,0.0,20.47142857142857,4,New York
201309,2.314285714285714,-2.8,8.9,8.700000000000001,2.0,27.785714285714285,2,New York
201310,5.3999999999999995,-1.1,12.8,16.8,2.0,22.414285714285715,1,New York
201311,2.1142857142857143,-3.3,8.3,24.1,0.0,20.571428571428573,3,New York
201312,5.742857142857143,0.0,13.3,6.4,0.0,20.2,1,New York
201313,6.514285714285714,0.0,17.8,3.0,0.0,21.599999999999998,1,New York
201314,10.785714285714286,2.2,28.3,37.1,0.0,18.74285714285714,2,New York
201315,10.814285714285715,3.9,21.1,2.4,0.0,19.185714285714287,3,New York
201316,9.928571428571429,2.8,18.3,4.6,0.0,21.900000000000002,1,New York
201317,12.271428571428572,6.1,18.9,1.3,0.0,13.37142857142857,1,New York
201318,13.642857142857142,6.7,24.4,58.2,0.0,13.885714285714286,2,New York
201319,14.885714285714286,6.1,23.3,11.200000000000001,0.0,20.271428571428572,3,New York
201320,16.685714285714287,7.8,25.0,17.6,0.0,16.571428571428573,4,New York
201321,16.514285714285712,7.2,30.0,15.5,0.0,18.414285714285715,2,New York
201322,19.014285714285712,13.9,26.1,112.4,0.0,18.057142857142857,4,New York
201323,19.599999999999998,12.2,27.2,74.2,0.0,20.214285714285715,5,New York
201324,20.842857142857145,15.0,27.8,8.399999999999999,0.0,15.571428571428571,2,New York
201325,24.085714285714285,16.1,32.8,6.6,0.0,17.32857142857143,3,New York
201326,23.8,20.6,30.6,34.1,0.0,17.385714285714283,4,New York
201327,26.342857142857145,21.1,33.9,8.4,0.0,16.771428571428572,2,New York
201328,28.8,21.7,37.8,0.0,0.0,14.700000000000001,0,New York
201329,25.514285714285712,17.2,35.6,13.8,0.0,17.428571428571427,4,New York
201330,23.67142857142857,19.4,29.4,18.3,0.0,14.257142857142856,2,New York
201331,23.285714285714285,17.8,28.3,18.6,0.0,18.242857142857144,2,New York
201332,22.542857142857144,15.6,29.4,31.0,0.0,14.542857142857143,2,New York
201333,23.285714285714285,16.7,31.1,2.0,0.0,13.214285714285714,1,New York
201334,23.514285714285712,17.2,31.1,1.3,0.0,15.957142857142857,2,New York
201335,23.385714285714283,13.3,29.4,0.8,0.0,15.671428571428573,2,New York
201336,22.2,12.2,31.1,9.7,0.0,18.214285714285715,2,New York
201337,16.928571428571427,9.4,24.4,0.5,0.0,15.8,1,New York
201338,17.014285714285712,8.9,23.9,37.9,0.0,15.6,2,New York
201339,19.314285714285713,11.1,29.4,0.0,0.0,11.314285714285715,0,New York
201340,17.842857142857145,11.7,25.6,6.8999999999999995,0.0,19.900000000000002,2,New York
201341,16.242857142857144,9.4,23.9,0.3,0.0,15.842857142857143,1,New York
201342,12.428571428571429,3.9,20.0,0.0,0.0,18.185714285714287,0,New York
201343,11.957142857142857,4.4,20.6,3.1,0.0,17.385714285714286,2,New York
201344,10.357142857142858,1.1,19.4,3.3,0.0,17.271428571428572,1,New York
201345,6.685714285714285,-1.6,16.7,1.3,0.0,22.24285714285714,1,New York
201346,9.37142857142857,-0.5,19.4,8.2,0.0,17.342857142857145,4,New York
201347,3.042857142857143,-4.9,16.1,50.0,0.0,25.914285714285715,2,New York
201348,6.628571428571429,-3.8,13.3,14.8,0.0,10.685714285714285,2,New York
201349,0.4142857142857143,-4.9,6.1,18.6,3.0,22.114285714285717,4,New York
201350,0.9142857142857143,-3.8,10.6,38.6,0.0,19.02857142857143,3,New York
201351,5.257142857142857,-6.6,17.8,12.4,0.0,16.814285714285713,1,New York
201352,5.699999999999999,-0.5,11.7,30.0,0.0,17.799999999999997,1,New York
201400,-1.8199999999999998,-12.7,8.3,8.899999999999999,18.0,23.2,2,New York
201401,-3.6142857142857143,-16.0,11.7,17.7,36.0,18.657142857142855,3,New York
201402,5.7,-2.1,12.2,32.3,0.0,16.342857142857145,2,New York
201403,-3.642857142857143,-13.8,8.9,15.3,51.0,24.742857142857144,3,New York
201404,-4.085714285714285,-9.9,7.2,2.3,47.0,21.228571428571428,2,New York
201405,0.557142857142857,-5.5,11.1,57.9,61.0,14.914285714285715,2,New York
201406,-2.9857142857142853,-11.0,5.0,38.89999999999999,112.0,21.41428571428571,3,New York
201407,0.6714285714285715,-7.1,8.3,18.6,139.0,17.857142857142858,5,New York
201408,0.3428571428571429,-11.6,12.8,1.3,3.0,19.8,2,New York
201409,-2.2857142857142856,-10.5,6.1,1.0,3.0,14.700000000000001,1,New York
201410,4.771428571428571,-7.1,18.3,3.8,0.0,23.67142857142857,1,New York
201411,4.357142857142857,-3.8,16.1,18.6,0.0,22.5,2,New York
201412,2.757142857142857,-5.5,18.3,0.0,0.0,23.285714285714285,0,New York
201413,7.6000000000000005,1.1,17.2,90.1,0.0,18.514285714285712,6,New York
201414,9.657142857142857,2.8,20.6,15.3,0.0,21.12857142857143,2,New York
201415,9.614285714285714,0.0,20.0,18.5,0.0,24.642857142857142,2,New York
201416,10.857142857142858,2.8,20.0,0.0,0.0,20.585714285714285,0,New York
201417,11.557142857142855,5.6,21.7,144.6,0.0,22.571428571428573,5,New York
201418,14.514285714285714,9.4,20.6,10.7,0.0,18.142857142857142,2,New York
201419,17.47142857142857,10.0,26.1,56.2,0.0,18.75714285714286,4,New York
201420,17.3,10.0,26.1,16.2,0.0,14.714285714285714,2,New York
201421,18.071428571428573,11.1,29.4,2.1,0.0,15.242857142857144,2,New York
201422,19.414285714285715,12.2,27.8,12.7,0.0,16.042857142857144,1,New York
201423,20.771428571428572,16.1,29.4,49.5,0.0,12.785714285714286,3,New York
201424,23.2,15.6,32.8,1.3,0.0,16.3,1,New York
201425,22.414285714285715,16.1,31.7,2.8,0.0,15.171428571428573,2,New York
201426,23.728571428571428,18.3,30.0,30.2,0.0,18.67142857142857,3,New York
201427,24.385714285714283,18.3,31.1,1.1,0.0,18.0,2,New York
201428,23.428571428571427,18.3,28.9,75.5,0.0,14.614285714285714,4,New York
201429,23.785714285714285,18.3,28.9,0.5,0.0,15.785714285714286,1,New York
201430,23.514285714285712,17.8,28.9,15.6,0.0,17.857142857142858,3,New York
201431,23.557142857142857,18.3,30.0,12.5,0.0,13.257142857142856,2,New York
201432,23.785714285714285,16.7,30.6,82.8,0.0,17.285714285714285,2,New York
201433,22.714285714285715,17.2,29.4,8.6,0.0,13.228571428571428,2,New York
201434,23.014285714285712,16.7,30.6,0.0,0.0,12.485714285714286,0,New York
201435,25.17142857142857,17.2,33.3,3.6,0.0,15.428571428571429,1,New York
201436,22.47142857142857,17.2,30.0,1.0,0.0,16.357142857142858,1,New York
201437,17.842857142857145,12.2,25.6,14.0,0.0,12.9,2,New York
201438,18.685714285714287,10.6,26.1,20.5,0.0,16.057142857142857,3,New York
201439,19.214285714285715,12.8,28.9,0.8,0.0,11.985714285714286,1,New York
201440,17.02857142857143,7.2,23.9,18.8,0.0,22.32857142857143,3,New York
201441,17.2,7.8,24.4,33.5,0.0,17.585714285714285,4,New York
201442,13.514285714285714,5.6,22.2,40.4,0.0,22.099999999999998,3,New York
201443,14.042857142857143,7.8,23.3,1.1,0.0,17.54285714285714,2,New York
201444,10.728571428571428,4.4,19.4,37.1,0.0,23.814285714285713,2,New York
201445,9.357142857142858,2.2,18.9,4.6,0.0,13.657142857142857,2,New York
201446,2.9,-4.9,12.8,34.8,0.0,22.314285714285717,1,New York
201447,6.914285714285714,-3.2,17.8,37.3,0.0,21.599999999999998,3,New York
201448,6.171428571428572,-3.2,16.7,21.9,0.0,16.37142857142857,4,New York
201449,3.642857142857143,-3.2,11.1,112.8,0.0,26.485714285714284,4,New York
201450,5.285714285714286,0.0,12.8,8.4,0.0,18.514285714285712,2,New York
201451,6.2,-0.5,13.9,34.5,0.0,16.457142857142856,4,New York
201452,7.1000000000000005,1.7,12.2,1.3,0.0,14.866666666666667,1,New York
201500,1.0999999999999999,-2.1,7.2,0.0,0.0,20.975,0,New York
201501,-1.0571428571428572,-13.2,12.8,39.4,3.0,24.342857142857145,4,New York
201502,-1.4142857142857144,-7.7,7.2,17.8,6.0,20.342857142857145,1,New York
201503,1.1999999999999997,-7.7,8.3,41.1,0.0,15.785714285714286,1,New York
201504,-0.9857142857142858,-8.2,7.2,36.7,102.0,24.057142857142857,5,New York
201505,-3.3428571428571425,-10.5,3.9,30.8,122.0,25.87142857142857,2,New York
201506,-1.5142857142857142,-12.7,5.6,3.6,41.0,21.057142857142857,1,New York
201507,-7.2,-16.0,1.7,5.3999999999999995,37.0,24.32857142857143,3,New York
201508,-3.6142857142857143,-13.8,6.1,20.1,47.0,17.485714285714288,2,New York
201509,-1.9142857142857141,-10.5,5.0,56.9,53.0,16.3,4,New York
201510,4.571428571428571,-8.8,16.7,13.4,33.0,16.714285714285715,3,New York
201511,4.457142857142857,-1.0,15.6,37.1,0.0,22.314285714285713,3,New York
201512,3.628571428571429,-4.3,12.2,15.7,8.0,17.52857142857143,4,New York
201513,5.785714285714286,-2.7,15.0,3.5999999999999996,0.0,20.985714285714288,2,New York
201514,8.485714285714286,2.2,18.3,5.9,0.0,20.014285714285712,3,New York
201515,12.842857142857143,6.1,22.2,3.8,0.0,18.085714285714285,2,New York
201516,11.928571428571429,3.9,22.8,28.400000000000002,0.0,23.74285714285714,3,New York
201517,12.314285714285715,3.9,25.0,0.0,0.0,18.900000000000002,0,New York
201518,15.542857142857143,6.1,27.8,0.0,0.0,11.414285714285713,0,New York
201519,18.142857142857142,10.6,30.6,0.8,0.0,17.842857142857145,2,New York
201520,17.157142857142855,11.1,27.2,10.4,0.0,14.414285714285715,1,New York
201521,18.714285714285715,10.6,26.7,0.0,0.0,19.185714285714287,0,New York
201522,16.385714285714286,10.6,26.1,28.9,0.0,16.5,3,New York
201523,21.314285714285713,13.3,30.6,5.6,0.0,18.52857142857143,2,New York
201524,22.74285714285714,18.3,31.7,37.599999999999994,0.0,13.385714285714286,3,New York
201525,24.928571428571427,19.4,32.2,21.6,0.0,16.714285714285715,3,New York
201526,22.385714285714283,16.7,29.4,40.9,0.0,17.085714285714285,4,New York
201527,24.457142857142856,19.4,31.7,21.9,0.0,14.142857142857142,3,New York
201528,24.414285714285715,18.9,30.0,4.3,0.0,13.642857142857142,2,New York
201529,26.857142857142858,20.0,35.0,0.5,0.0,16.67142857142857,1,New York
201530,26.557142857142857,21.1,35.0,24.6,0.0,16.0,1,New York
201531,26.614285714285717,20.6,33.3,0.3,0.0,16.257142857142856,1,New York
201532,24.585714285714285,18.9,31.1,28.7,0.0,15.057142857142859,1,New York
201533,26.599999999999998,21.1,32.8,63.0,0.0,16.357142857142858,1,New York
201534,24.75714285714286,17.8,30.0,0.3,0.0,13.514285714285714,1,New York
201535,25.97142857142857,20.0,33.9,0.0,0.0,14.185714285714285,0,New York
201536,24.042857142857144,16.7,32.8,32.6,0.0,15.642857142857142,3,New York
201537,22.47142857142857,15.6,28.9,7.9,0.0,14.5,2,New York
201538,20.657142857142855,14.4,28.3,0.0,0.0,15.185714285714285,0,New York
201539,18.457142857142856,10.0,26.7,73.1,0.0,18.614285714285717,5,New York
201540,15.87142857142857,10.6,23.3,11.2,0.0,18.25714285714286,2,New York
201541,16.45714285714286,10.0,23.3,0.0,0.0,16.557142857142857,0,New York
201542,12.4,2.2,21.7,0.0,0.0,19.214285714285715,0,New York
201543,13.585714285714285,5.6,23.3,47.5,0.0,20.057142857142857,3,New York
201544,14.485714285714286,4.4,23.9,0.3,0.0,10.9,1,New York
201545,13.385714285714286,3.9,21.1,15.0,0.0,18.5,3,New York
201546,11.671428571428573,4.4,20.6,14.7,0.0,20.785714285714285,1,New York
201547,8.0,-0.5,17.2,0.0,0.0,14.085714285714285,0,New York
201548,9.014285714285714,1.1,18.3,10.9,0.0,16.2,3,New York
201549,8.628571428571428,1.1,15.0,0.0,0.0,10.928571428571429,0,New York
201550,12.814285714285715,3.9,21.1,42.699999999999996,0.0,16.62857142857143,5,New York
201551,10.328571428571427,1.7,20.6,37.3,0.0,17.228571428571428,4,New York
201552,9.55,1.1,17.2,20.400000000000002,0.0,19.725,4,New York
201600,7.033333333333332,2.2,11.1,10.9,0.0,18.0,2,New York
201601,1.0142857142857142,-11.0,8.9,0.0,0.0,18.3,0,New York
201602,3.371428571428571,-5.5,14.4,33.0,0.0,24.014285714285712,2,New York
201603,0.5142857142857141,-7.7,12.2,10.0,3.0,24.085714285714285,3,New York
201604,1.2857142857142858,-7.1,7.2,73.7,300.0,18.357142857142858,1,New York
201605,6.357142857142857,-2.1,15.6,31.5,39.0,17.957142857142856,3,New York
201606,-0.21428571428571427,-8.2,7.2,4.6,26.0,19.3,2,New York
201607,-1.9,-17.1,12.2,28.200000000000003,0.0,22.985714285714288,2,New York
201608,6.971428571428571,-1.6,15.0,37.099999999999994,0.0,24.571428571428573,4,New York
201609,4.557142857142857,-2.7,16.7,8.899999999999999,3.0,24.37142857142857,3,New York
201610,8.72857142857143,-1.6,21.1,0.5,0.0,13.528571428571428,1,New York
201611,10.37142857142857,4.4,17.2,12.200000000000001,0.0,17.8,2,New York
201612,7.814285714285715,0.6,22.2,3.0999999999999996,3.0,19.485714285714288,2,New York
201613,9.414285714285715,2.2,18.9,12.7,0.0,25.042857142857144,2,New York
201614,6.571428571428571,-3.2,15.6,19.0,0.0,25.24285714285714,4,New York
201615,7.785714285714286,-0.5,15.6,6.6,0.0,20.314285714285713,2,New York
201616,13.842857142857143,3.9,25.6,0.5,0.0,16.242857142857144,1,New York
201617,12.657142857142857,7.8,21.7,4.8,0.0,15.885714285714286,3,New York
201618,10.314285714285715,7.2,15.6,45.1,0.0,16.342857142857145,5,New York
201619,14.2,8.3,23.9,9.2,0.0,14.042857142857143,2,New York
201620,14.528571428571427,6.7,23.9,0.5,0.0,18.914285714285715,1,New York
201621,18.557142857142857,10.0,30.6,12.6,0.0,12.857142857142858,3,New York
201622,20.571428571428573,16.1,29.4,27.3,0.0,14.200000000000001,3,New York
201623,20.442857142857143,12.2,28.9,33.8,0.0,21.142857142857142,2,New York
201624,21.842857142857145,14.4,30.6,1.0,0.0,18.842857142857145,1,New York
201625,23.442857142857143,15.6,33.3,0.0,0.0,13.685714285714287,0,New York
201626,23.614285714285717,18.3,31.7,17.3,0.0,17.071428571428573,3,New York
201627,25.157142857142855,18.9,32.2,27.4,0.0,16.97142857142857,4,New York
201628,23.87142857142857,18.9,33.3,13.5,0.0,17.02857142857143,2,New York
201629,26.17142857142857,20.0,32.8,6.3999999999999995,0.0,17.9,2,New York
201630,27.45714285714286,21.1,36.7,79.2,0.0,16.228571428571428,2,New York
201631,23.485714285714288,17.8,29.4,16.0,0.0,14.142857142857142,2,New York
201632,26.642857142857142,20.0,33.3,7.699999999999999,0.0,16.257142857142856,4,New York
201633,28.12857142857143,23.3,35.0,0.8999999999999999,0.0,16.04285714285714,3,New York
201634,24.82857142857143,17.8,33.3,7.3999999999999995,0.0,18.257142857142856,2,New York
201635,25.385714285714283,19.4,34.4,12.7,0.0,14.085714285714285,1,New York
201636,24.2,18.3,32.8,4.3999999999999995,0.0,20.32857142857143,2,New York
201637,22.614285714285717,13.3,30.0,10.9,0.0,17.52857142857143,1,New York
201638,22.042857142857144,13.3,29.4,24.6,0.0,10.642857142857142,1,New York
201639,17.757142857142856,10.6,23.9,20.4,0.0,19.657142857142855,4,New York
201640,16.442857142857143,10.6,22.8,0.3,0.0,11.742857142857144,1,New York
201641,14.228571428571428,7.2,21.7,34.0,0.0,15.700000000000001,3,New York
201642,18.400000000000002,7.2,30.0,23.4,0.0,14.5,1,New York
201643,10.9,4.4,18.9,23.1,0.0,26.071428571428573,2,New York
201644,13.742857142857144,3.9,22.8,3.8,0.0,17.12857142857143,1,New York
201645,11.571428571428571,3.9,19.4,0.3,0.0,19.2,1,New York
201646,10.557142857142859,2.8,19.4,31.2,0.0,16.985714285714288,1,New York
201647,6.857142857142857,2.2,15.6,8.7,0.0,23.728571428571428,2,New York
201648,10.157142857142857,2.8,15.6,49.1,0.0,21.442857142857143,3,New York
201649,6.014285714285714,-0.5,11.1,16.8,0.0,20.82857142857143,3,New York
201650,1.5,-7.1,8.9,15.7,0.0,20.228571428571428,2,New York
201651,2.5714285714285716,-6.6,15.6,20.1,5.0,18.257142857142856,2,New York
201652,6.433333333333334,-2.1,16.7,24.299999999999997,0.0,18.78333333333333,2,New York
201700,4.1,1.7,6.1,0.0,0.0,27.4,0,New York
201701,3.3,0.6,7.2,0.0,0.0,29.9,0,New York
